Producer,264,8400
Producer,377,3000
Producer,727,1500
Consumer,402,1000
Producer,754,1008500
Consumer,967,268200
Producer,224,1308400
Consumer,794,932300
Producer,570,1446400
Consumer,593,1006100
Producer,552,1604700
Consumer,4,1191300
Producer,946,1696800
Consumer,394,1354600
Producer,72,1853700
Consumer,343,1439000
Producer,432,1942500
Consumer,209,1545100
Consumer,337,1634500
Consumer,229,1642100
Producer,6328,2300
Producer,6100,1700
Producer,7171,1500
Consumer,5423,1400
Consumer,2491,2900
Producer,7196,14722300
Consumer,4319,800
Consumer,3311,1200
Producer,8505,14935300
Consumer,807,1200
Consumer,9687,1300
Consumer,5886,1200
Producer,5603,15211700
Consumer,107,3900
Producer,8555,15156300
Consumer,4830,1300
Consumer,702,1000
Consumer,3186,1400
Producer,2902,15244800
Producer,1536,15277600
Consumer,6742,1300
Producer,8289,15333400
Consumer,3215,1300
Producer,4972,15425300
Consumer,5768,1200
Consumer,507,1400
Producer,7440,15480000
Consumer,5058,800
Producer,666,15459900
Consumer,1542,1200
Consumer,7699,1200
Producer,2391,15494100
Consumer,4444,69800
Producer,1059,15606100
Producer,1593,15625300
Producer,6657,15721400
Consumer,6670,1900
Producer,7246,15829200
Consumer,1908,900
Consumer,7363,249200
Producer,7145,15938700
Consumer,5858,370600
Consumer,260,438000
Producer,8249,16064200
Consumer,2541,194700
Consumer,6515,692900
Producer,2717,16095000
Consumer,1186,278400
Producer,4092,16160700
Consumer,7047,490300
Producer,9742,16413400
Consumer,2794,434400
Consumer,4471,1031400
Producer,9318,16558300
Consumer,3594,546800
Consumer,3758,1000
Consumer,980,439300
Producer,8174,16705200
Consumer,4622,486200
Consumer,5330,509500
Producer,2701,17243300
Producer,6429,17280900
Consumer,9358,1657600
Producer,6786,17325100
Consumer,5256,341300
Consumer,573,1100
Producer,2742,17351900
Producer,5182,17105900
Consumer,8653,666400
Producer,2379,17139800
Producer,9068,17124200
Consumer,7258,553200
Producer,5250,17140800
Consumer,2264,430200
Consumer,6959,558500
Producer,4301,17242400
Consumer,5635,521000
Producer,3456,10823600
Consumer,4289,644900
Producer,2687,10942000
Producer,8501,11052500
Consumer,6330,1065700
Producer,2,11167800
Consumer,5430,878200
Producer,1273,11294000
Consumer,323,920900
Producer,3773,11378900
Producer,3221,11465600
Consumer,7897,1895800
Producer,6635,11540200
Consumer,5209,1234500
Producer,8898,11810300
Consumer,7735,1469200
Producer,9621,11920800
Consumer,91,1509300
Consumer,7681,1952700
Producer,2457,12083100
Consumer,3500,1561500
Consumer,2118,1580500
Producer,5527,12200800
Consumer,5333,1637500
Producer,2015,12341800
Producer,7593,12460300
Consumer,6990,1863500
Producer,4473,12589800
Consumer,8441,1923800
Producer,3048,12717600
Producer,9230,12716100
Consumer,7220,2862000
Producer,3633,12844800
Consumer,7671,2275100
Producer,3408,13008900
Consumer,3975,2463100
Producer,79,13061300
Producer,6978,13068700
Consumer,5642,3177500
Producer,6020,13074100
Consumer,57,2558700
Consumer,6514,2835300
Producer,7240,13136300
Consumer,7463,2579100
Producer,9781,12894900
Consumer,8713,2565200
Producer,8990,12941800
Consumer,5456,2560300
Consumer,6113,2841800
Producer,5688,13084500
Consumer,3687,2801700
Consumer,2211,3344500
Producer,3218,13284000
Consumer,48,2695700
Consumer,1737,2209000
Producer,83,13350900
Producer,7670,13410800
Consumer,8011,4005400
Producer,9160,13467900
Consumer,6098,2325100
Consumer,3517,2400000
Producer,9692,13409300
Consumer,2225,2414800
Consumer,6835,2407600
Producer,3995,13475000
Consumer,4451,2457300
Producer,4869,13530100
Consumer,1748,2684000
Producer,2329,13502000
Consumer,4408,2365200
Producer,9602,13418200
Consumer,6378,2209100
Producer,631,13449000
Producer,2532,13416300
Consumer,5746,2852800
Producer,8966,13376100
Consumer,9990,2144100
Producer,4160,13360400
Producer,1912,13319300
Producer,9494,13187500
Consumer,5626,4038700
Producer,1669,13192800
Consumer,4442,2264500
Consumer,6041,2362900
Producer,8460,13201600
Consumer,8621,2274100
Producer,1671,13215500
Producer,9287,13070200
Consumer,3825,2262900
Producer,6218,12961400
Consumer,2337,2181700
Consumer,8932,2973500
Producer,2386,12952600
Consumer,664,2244600
Consumer,1888,2105500
Producer,1188,13037400
Consumer,4642,2154300
Producer,5247,13041500
Consumer,4845,2585100
Producer,4013,13045600
Producer,1725,13069400
Producer,5288,13037800
Consumer,7687,2406600
Producer,3442,13033100
Consumer,7657,2261900
Producer,6226,13067600
Producer,3815,13055300
Consumer,9580,4181400
Producer,3494,12927900
Producer,973,12935300
Producer,7638,12759300
Consumer,9015,2857600
Producer,9211,12657600
Consumer,6556,2272600
Producer,1483,12701000
Producer,7050,12473000
Consumer,7328,2545200
Producer,7742,12462400
Consumer,9519,2942800
Producer,5903,12343700
Producer,6941,116018200
Producer,31976,3900
Producer,93837,1700
Consumer,86899,1100
Producer,80466,101785500
Consumer,70841,111900
Producer,47820,101805200
Consumer,57513,600
Producer,17374,101896900
Producer,92631,101893400
Consumer,24876,500
Consumer,92455,437700
Producer,1474,101966800
Producer,44933,101858400
Consumer,71283,800
Producer,35513,101948600
Producer,24510,101996100
Consumer,62689,97300
Producer,45574,102045600
Consumer,6948,157600
Producer,31847,102019700
Consumer,39738,257900
Producer,45345,102147400
Consumer,60339,216200
Producer,85332,102213500
Consumer,50485,185000
Producer,53030,102277500
Consumer,70051,600
Producer,20296,102359700
Producer,47506,102283700
Consumer,70528,1395300
Producer,82141,102301200
Producer,55013,102317600
Consumer,94208,800
Producer,55276,102373900
Consumer,2457,400
Consumer,53898,600
Consumer,22015,400
Producer,95182,102585400
Consumer,48248,600
Consumer,88366,800
Producer,40625,102749800
Producer,59080,102628200
Consumer,94244,500
Consumer,4039,600
Producer,98293,102762700
Consumer,90207,500
Producer,67244,102937400
Consumer,70834,487500
Producer,93818,103019400
Producer,64134,103034300
Consumer,57160,900
Producer,50613,103271400
Consumer,35028,800
Producer,50185,103299600
Consumer,10772,800
Producer,6112,103298600
Consumer,97428,500
Producer,63516,103263800
Consumer,92915,700
Producer,72185,103218300
Consumer,83389,700
Producer,81710,103637900
Consumer,27735,500
Consumer,68648,67500
Producer,3127,103551900
Consumer,10571,400
Producer,77822,103624100
Consumer,97588,129200
Producer,7462,103679900
Consumer,8248,600
Producer,93303,103736800
Consumer,28569,216500
Producer,97642,103713100
Consumer,94183,400
Consumer,13716,600
Producer,70058,103828100
Consumer,17079,400
Consumer,17643,600
Producer,38062,103875800
Consumer,11714,400
Producer,51722,103877600
Consumer,88643,500
Producer,24516,103901200
Producer,34905,103873200
Producer,43982,103802300
Consumer,48368,500
Producer,40048,104073000
Consumer,73812,600
Consumer,58840,500
Producer,23430,104077700
Producer,21158,104092000
Consumer,6356,600
Producer,70087,104004300
Consumer,87406,38900
Producer,37269,104030600
Consumer,29136,600
Producer,37815,104062400
Producer,41804,103940400
Consumer,97574,1900
Producer,62578,104128300
Producer,56671,104151900
Producer,26102,104151800
Consumer,46366,500
Consumer,20127,500
Producer,49759,104366200
Consumer,2260,500
Consumer,95268,800
Producer,61422,104455300
Consumer,58336,500
Producer,63154,104362200
Producer,31970,104343800
Consumer,9681,500
Producer,8910,104340400
Producer,8967,104248700
Consumer,30043,900
Consumer,35545,500
Producer,73370,104346600
Consumer,29915,500
Consumer,34342,500
Consumer,6255,500
Producer,68059,104702100
Consumer,24429,700
Consumer,23082,400
Consumer,22251,400
Producer,69930,104840900
Consumer,84651,500
Consumer,36576,500
Producer,62469,104861800
Consumer,3941,600
Producer,35720,104873300
Consumer,63179,1000
Consumer,20934,2900
Consumer,8354,2500
Producer,47361,104992300
Producer,68222,104796400
Consumer,31614,400
Consumer,65414,800
Consumer,33397,700
Producer,78765,104933200
Consumer,99469,38500
Producer,27280,104935200
Producer,10542,104972300
Producer,97385,104963800
Consumer,37758,500
Consumer,12861,500
Consumer,49008,500
Consumer,74561,700
Producer,73080,105076100
Consumer,42990,400
Producer,77052,105080500
Consumer,95400,98800
Producer,60472,105169300
Producer,75762,105150100
Consumer,83834,800
Producer,40719,105130900
Consumer,96420,1900
Producer,95023,105152700
Consumer,90735,1075000
Producer,61805,105396000
Producer,15914,105371100
Producer,70361,105381100
Producer,29799,105335100
Consumer,61601,900
Consumer,78234,600
Producer,27268,105494300
Consumer,23658,300
Producer,17923,105570300
Consumer,59887,500
Producer,70750,105751800
Consumer,30361,164800
Producer,99586,105859300
Consumer,75877,396800
Consumer,77221,510000
Producer,94769,106032100
Producer,30728,106072600
Consumer,46423,1300
Producer,78727,106475200
Consumer,59953,700
Consumer,29648,600
Consumer,7366,800
Producer,41356,106685100
Consumer,85060,600
Producer,21281,106800300
Consumer,19567,473800
Producer,40697,106806400
Consumer,23741,900
Producer,15925,106906800
Producer,1278,106937700
Producer,59557,106864600
Consumer,77492,333400
Producer,74742,106903700
Consumer,90630,306000
Producer,13828,106860400
Producer,45841,106898800
Consumer,57485,676800
Producer,4373,106965500
Producer,84044,106949000
Consumer,91763,1180200
Producer,32507,106892800
Consumer,7403,271700
Producer,7548,106932900
Consumer,27438,279200
Producer,41298,106951100
Consumer,9102,274700
Producer,58811,106995200
Consumer,54727,576100
Producer,57013,106821000
Consumer,65392,550500
Producer,91692,106786400
Consumer,58534,700
Producer,65428,106739400
Consumer,97018,800
Producer,51994,107273500
Consumer,49714,700
Producer,67231,107225500
Producer,61417,107229400
Consumer,95801,400
Producer,38594,107231800
Consumer,20982,600
Producer,81927,107238500
Consumer,23216,900
Consumer,21732,600
Producer,41947,107699300
Consumer,80896,800
Producer,87131,107700000
Consumer,37528,500
Producer,41965,107652400
Consumer,3000,500
Consumer,1575,700
Consumer,46842,400
Producer,19925,107775400
Consumer,96334,700
Producer,75930,107872400
Consumer,54660,500
Consumer,12158,800
Producer,93302,107923400
Consumer,22055,400
Consumer,36792,500
Producer,63035,108064600
Consumer,17827,500
Producer,42409,108176500
Consumer,90054,700
Producer,60039,108248400
Consumer,92445,900
Producer,60779,108186200
Consumer,1501,500
Producer,41287,108087800
Consumer,32900,600
Producer,28781,108092700
Consumer,91330,600
Producer,98671,108297000
Consumer,3887,700
Consumer,43847,600
Producer,45982,108455800
Consumer,6868,700
Consumer,22704,800
Consumer,76437,800
Consumer,33396,600
Producer,85159,108677200
Consumer,68404,700
Producer,16080,108701400
Producer,16314,108693800
Producer,59674,108673200
Consumer,83666,1100
Producer,79315,109079300
Consumer,16042,1900
Producer,64497,109271300
Consumer,70177,600
Producer,35525,109291700
Consumer,94120,800
Consumer,50580,600
Producer,7487,109093300
Producer,77240,109076600
Producer,92467,109057500
Consumer,27540,600
Consumer,65883,700
Producer,92366,108909600
Consumer,69993,600
Producer,31969,108946700
Consumer,7353,300
Consumer,3975,600
Consumer,75115,500
Producer,86912,108949500
Producer,39243,108759600
Consumer,37249,500
Consumer,28885,700
Consumer,91530,500
Producer,92117,108726800
Producer,11665,108651200
Producer,28303,108547600
Consumer,63039,900
Producer,85024,108875800
Consumer,60331,1500
Consumer,53314,800
Producer,98051,109131500
Consumer,6845,800
Consumer,77149,600
Producer,66560,109074900
Consumer,46131,600
Producer,82776,109014700
Consumer,37002,500
Consumer,14046,700
Consumer,50314,400
Producer,91794,109353800
Consumer,38243,500
Consumer,72181,900
Producer,89112,109454400
Consumer,52507,600
Producer,91202,109408600
Consumer,99892,600
Producer,31749,109414600
Producer,56407,109303600
Consumer,7797,500
Producer,18533,109206100
Consumer,61422,500
Consumer,43171,700
Producer,86932,109197100
Consumer,3385,800
Producer,7144,109188200
Consumer,63265,700
Consumer,85302,500
Producer,79207,109204900
Producer,54741,109156100
Consumer,91223,500
Consumer,25005,500
Producer,92843,109266300
Consumer,5678,900
Consumer,70086,1300
Consumer,45938,700
Producer,70988,109612400
Producer,24799,109529900
Consumer,39450,600
Producer,88344,109505200
Producer,21464,109251100
Consumer,62796,600
Consumer,60798,600
Producer,72857,109369200
Producer,19654,109307200
Consumer,74753,500
Producer,44553,109206900
Consumer,49311,2000
Producer,89610,109598200
Consumer,46023,11300
Consumer,31650,300
Consumer,57905,400
Consumer,20744,400
Producer,53464,109612200
Producer,42324,109395300
Producer,49098,109390900
Consumer,87264,1400
Producer,97480,109448400
Consumer,20671,300
Consumer,12438,300
Consumer,68391,300
Producer,85471,109712600
Consumer,29398,200
Producer,1132,109754300
Producer,57496,109691100
Consumer,58198,300
Producer,49746,109709500
Consumer,9923,400
Consumer,5019,500
Consumer,63682,300
Producer,68464,109802100
Consumer,69998,200
Producer,61547,109824000
Consumer,60949,200
Producer,72483,109859400
Consumer,33908,400
Producer,31294,109821600
Producer,24044,109803600
Consumer,30155,300
Consumer,74913,300
Producer,80829,109986500
Consumer,1256,600
Consumer,2788,200
Consumer,22990,300
Consumer,64207,400
Producer,42487,110522700
Consumer,29307,400
Producer,47181,110517200
Consumer,56941,300
Consumer,71743,400
Producer,69109,110547100
Producer,31077,110532500
Consumer,45223,200
Producer,55194,110342700
Consumer,13181,300
Producer,11532,110277700
Producer,80670,110153400
Consumer,26061,300
Consumer,1573,300
Consumer,55470,200
Producer,43476,110690500
Producer,14611,110579300
Producer,23271,110557700
Producer,3903,110448600
Consumer,5849,500
Consumer,54581,200
Consumer,10780,300
Consumer,4939,200
Consumer,82217,200
Producer,86304,110576800
Producer,17427,110509900
Consumer,38367,4000
Consumer,42349,400
Producer,97976,110565000
Consumer,84215,300
Producer,96653,110525800
Consumer,38757,200
Consumer,62064,100
Producer,97211,110558000
Producer,25080,110536700
Consumer,67750,200
Producer,34573,110532200
Consumer,83892,400
Producer,48248,110587100
Consumer,77117,500
Producer,26264,110503300
Producer,61594,110487500
Consumer,40814,200
Producer,83220,110599800
Consumer,45805,300
Producer,58201,110596000
Producer,10461,110537600
Consumer,6776,200
Consumer,26795,500
Consumer,57700,200
Producer,54102,110760800
Consumer,67239,300
Producer,46435,110787100
Producer,11301,110713600
Consumer,18603,400
Consumer,48765,500
Producer,92667,110687100
Consumer,53956,500
Consumer,46394,300
Producer,72880,110666100
Consumer,75199,400
Producer,89378,110650500
Consumer,1907,200
Consumer,72870,400
Producer,39549,110947700
Producer,18361,110917500
Consumer,75577,500
Producer,20798,110860600
Producer,57155,110831600
Consumer,84483,400
Producer,18573,110737000
Producer,92092,110480500
Consumer,47128,300
Producer,68299,110480600
Consumer,80235,300
Consumer,14660,300
Producer,97134,110451000
Consumer,10220,200
Consumer,10299,300
Producer,6376,110457600
Consumer,84351,200
Producer,52230,110528800
Producer,29300,110458100
Consumer,48796,500
Producer,62472,110460300
Consumer,1086,300
Consumer,24385,2900
Consumer,56754,200
Consumer,10494,200
Producer,95653,111022200
Consumer,33423,400
Producer,27364,110988600
Consumer,23659,200
Producer,25882,110947400
Consumer,11237,200
Consumer,28792,400
Producer,29379,111007200
Consumer,88930,200
Producer,17440,110951300
Producer,70609,110842000
Consumer,68392,400
Consumer,33165,200
Producer,95188,110796000
Consumer,37919,300
Consumer,49608,400
Producer,95173,111039200
Producer,3458,110942600
Consumer,37148,3600
Producer,29139,111053800
Consumer,63724,200
Producer,50637,111005400
Consumer,50564,200
Producer,36712,110869200
Consumer,81411,500
Producer,87287,110818300
Consumer,35612,200
Consumer,34416,300
Producer,95391,111162700
Consumer,76768,200
Producer,21389,111065400
Consumer,95367,300
Producer,99561,111059000
Producer,384,111014100
Consumer,35808,300
Producer,3704,111009900
Producer,58924,110862400
Consumer,16017,200
Consumer,48446,300
Producer,57073,110899000
Consumer,20304,300
Consumer,77661,300
Producer,97946,110831300
Consumer,93136,300
Producer,81543,110990600
Producer,17682,111130200
Producer,25556,111044400
Consumer,91683,300
Producer,31770,111025700
Producer,38004,111014100
Consumer,94900,500
Producer,87882,110930500
Consumer,36020,300
Producer,46762,110840900
Consumer,639,400
Consumer,74204,200
Producer,73951,110794100
Consumer,88389,300
Producer,72502,110805300
Consumer,80591,300
Producer,82967,110794100
Consumer,61428,400
Producer,52206,110530800
Consumer,43787,300
Producer,72046,110659600
Consumer,46386,400
Consumer,89075,300
Consumer,33664,600
Producer,27927,110952900
Producer,61563,110874700
Producer,5120,110618200
Producer,48421,110610900
Producer,29890,110594300
Consumer,64896,300
Consumer,57701,400
Producer,94407,110619000
Consumer,61082,2700
Producer,75357,110616500
Consumer,36813,300
Producer,69961,110629900
Consumer,55452,300
Producer,20846,110667700
Consumer,28751,200
Consumer,15610,300
Producer,70383,110624200
Consumer,7218,200
Consumer,23387,300
Producer,40135,110582100
Consumer,56936,1400
Producer,13531,110543300
Producer,10644,110569400
Consumer,88648,300
Producer,72619,111051700
Producer,19253,111060400
Consumer,62124,400
Producer,72291,111012300
Consumer,3536,300
Consumer,48388,400
Consumer,16192,200
Producer,88440,111042300
Consumer,54330,300
Producer,45569,111075400
Consumer,99403,300
Producer,47234,111053300
Consumer,86509,200
Producer,92553,111004800
Consumer,28027,300
Producer,70787,111064100
Consumer,84081,400
Producer,17022,111095000
Producer,56844,111139400
Consumer,41477,300
Producer,26408,111125900
Consumer,60941,200
Producer,70817,111331700
Consumer,25288,300
Consumer,28686,200
Producer,35212,111383800
Consumer,84022,300
Producer,98532,111255200
Consumer,34797,300
Consumer,20879,300
Consumer,80342,100
Producer,97051,111308500
Consumer,75652,300
Producer,98646,111405000
Producer,30507,111352600
Consumer,40074,200
Producer,48542,111306100
Consumer,79671,200
Producer,87099,111363500
Consumer,76272,300
Producer,57940,111789100
Producer,13579,111643000
Consumer,55491,300
Producer,64808,111567700
Consumer,74073,300
Consumer,50939,200
Producer,76724,111596200
Consumer,89773,200
Producer,86448,111502600
Consumer,46371,300
Producer,77559,111420100
Consumer,80697,200
Producer,34222,111267900
Consumer,94251,200
Producer,78035,111568400
Consumer,13330,300
Consumer,39249,300
Producer,99385,111530700
Consumer,39650,400
Consumer,61759,400
Producer,80330,111715700
Producer,17453,111642800
Consumer,5721,300
Producer,34898,111625900
Consumer,88915,200
Producer,33686,111586800
Producer,44970,111558400
Consumer,53845,200
Producer,38205,111399300
Consumer,14859,400
Consumer,93850,200
Producer,83273,111284500
Producer,58437,111183900
Consumer,70072,300
Producer,31265,111112800
Consumer,20748,200
Consumer,21194,300
Producer,82689,111332800
Consumer,17037,300
Consumer,74992,400
Consumer,96911,400
Producer,96134,111449000
Consumer,76580,200
Producer,12208,111359600
Producer,99290,111262700
Consumer,99210,144900
Producer,72006,110929300
Consumer,51755,4000
Producer,69186,110813700
Consumer,16604,111200
Consumer,69196,235600
Consumer,6637,300
Producer,7261,110931500
Producer,45287,106144800
Producer,51547,106128500
Producer,38827,106115700
Consumer,60014,300
Producer,46541,106521900
Consumer,5262,200
Consumer,57685,200
Producer,60150,106337500
Consumer,13817,400
Producer,44607,106318200
Consumer,74342,200
Producer,62206,106271100
Consumer,36339,400
Producer,39160,106227000
Consumer,70980,300
Producer,53022,106167600
Producer,24085,106044100
Consumer,42343,300
Producer,30695,105967800
Consumer,86585,200
Producer,87977,105816500
Consumer,16236,300
Producer,33604,105760400
Consumer,10580,200
Consumer,9247,200
Producer,15023,105871800
Consumer,85507,200
Producer,32777,105853700
Consumer,46091,200
Producer,58932,105887900
Consumer,10967,100
Producer,42293,105633900
Consumer,19786,200
Consumer,19577,200
Consumer,1541,200
Consumer,43449,300
Producer,66543,105866900
Producer,30040,105805500
Consumer,17100,300
Consumer,14434,200
Consumer,91940,200
Producer,85927,105776500
Consumer,11192,300
Consumer,42132,200
Producer,74625,105942600
Consumer,13200,300
Consumer,9086,300
Consumer,67195,200
Producer,46920,106024800
Consumer,79889,200
Producer,60906,106158800
Producer,17355,106077900
Consumer,50629,500
Producer,51174,106030200
Producer,34619,105970000
Consumer,52140,200
Producer,40686,105929800
Consumer,3778,300
Consumer,46395,200
Producer,85065,106006100
Consumer,35458,200
Consumer,20235,300
Consumer,14540,200
Producer,72900,106062600
Consumer,26986,500
Consumer,81842,300
Producer,50063,106103900
Consumer,97156,200
Producer,83702,106008500
Consumer,35336,200
Producer,80795,105797100
Consumer,11104,200
Consumer,361,200
Consumer,13520,200
Consumer,29525,200
Consumer,81324,300
Producer,86181,106053400
Consumer,31871,300
Producer,79222,106372600
Consumer,61051,200
Producer,33468,106209800
Producer,1774,106121600
Consumer,94523,300
Producer,81060,106031400
Producer,18345,105717900
Producer,50293,105658900
Consumer,5089,200
Consumer,83308,300
Producer,31976,105873600
Consumer,50818,300
Producer,98685,105705400
Consumer,31668,200
Producer,25516,105705700
Consumer,46458,200
Consumer,3611,300
Consumer,52716,200
Producer,72178,105880200
Consumer,39462,400
Producer,58412,105790500
Consumer,62152,300
Producer,29494,105701700
Consumer,20014,200
Consumer,27015,200
Producer,99171,105677700
Consumer,61428,300
Producer,34514,105551800
Consumer,71286,200
Producer,82903,105347400
Consumer,40220,300
Producer,42378,105273900
Producer,16327,105248500
Consumer,60458,200
Producer,6838,105175800
Consumer,44167,100
Producer,78904,105074500
Consumer,91388,200
Producer,96875,105013600
Consumer,14387,200
Consumer,49158,300
Producer,53969,105036900
Consumer,38617,200
Consumer,14665,100
Producer,80757,104900100
Consumer,42292,200
Consumer,28484,200
Producer,60264,104699600
Consumer,8098,200
Consumer,57926,200
Consumer,5731,200
Consumer,36135,200
Producer,85937,104773200
Consumer,90398,100
Producer,55399,104792100
Producer,22221,104637400
Consumer,57212,200
Producer,74201,104625300
Consumer,3936,200
Producer,30550,104641800
Consumer,8772,200
Consumer,98008,200
Producer,94572,105147500
Consumer,93847,200
Producer,83366,105064500
Consumer,70668,200
Producer,4309,104993000
Producer,73773,104969800
Consumer,54873,200
Producer,61515,104914100
Consumer,30507,300
Consumer,32536,400
Producer,54482,105061600
Consumer,55656,200
Producer,71084,104465500
Consumer,16855,200
Consumer,16207,300
Producer,35929,104509900
Consumer,24051,400
Producer,5267,104503200
Consumer,60187,200
Producer,24983,104475200
Producer,47221,104459100
Consumer,34086,200
Producer,7786,104349100
Producer,14456,104313000
Producer,13801,104264800
Consumer,96343,300
Consumer,75182,100
Producer,62865,104267900
Producer,79015,104232900
Consumer,26898,200
Consumer,45033,300
Producer,85245,104124800
Consumer,14390,200
Producer,24217,104351000
Consumer,16839,1400
Consumer,97184,300
Producer,62019,104853400
Producer,37951,104847600
Producer,8896,104693300
Consumer,21586,1300
Consumer,75573,300
Producer,75934,104822500
Consumer,7538,300
Consumer,66187,400
Producer,85480,104872200
Consumer,11536,300
Consumer,97164,400
Producer,71215,104858600
Consumer,93972,300
Producer,71243,104807500
Producer,68043,104750000
Consumer,84900,3300
Producer,97967,104621400
Consumer,76165,300
Producer,12205,104458200
Producer,19666,104388700
Producer,30555,104245200
Consumer,78871,400
Producer,47486,104146100
Consumer,12988,200
Producer,30576,104054900
Producer,25130,104005800
Consumer,81723,300
Producer,29309,104003300
Producer,43549,103949200
Consumer,49133,200
Producer,50963,103953900
Consumer,84430,2400
Producer,16956,103975500
Consumer,59976,200
Producer,99279,104162600
Consumer,1653,200
Consumer,10070,300
Consumer,40465,300
Producer,67501,104396200
Consumer,67563,100
Producer,38577,104394200
Consumer,90329,200
Producer,96208,104411100
Consumer,61731,300
Producer,94751,104392000
Consumer,26736,200
Consumer,35452,400
Consumer,82233,200
Producer,82993,104835900
Consumer,23094,400
Producer,91690,104842100
Consumer,53095,300
Producer,39939,104833900
Consumer,27353,300
Consumer,87654,200
Producer,61263,104499700
Consumer,2448,100
Consumer,92767,300
Producer,97575,104605100
Producer,36634,104564900
Consumer,4171,100
Consumer,11370,300
Consumer,94277,200
Producer,92987,104284800
Producer,53904,104279800
Consumer,69057,200
Producer,37374,104304100
Producer,29615,104312800
Consumer,93969,300
Producer,6643,104336300
Producer,49270,104337100
Producer,36028,104318600
Consumer,77504,200
Producer,31440,104285400
Producer,24208,104256900
Producer,24289,104244100
Consumer,51707,200
Producer,6308,104214500
Producer,36240,104197700
Consumer,73091,300
Producer,32318,104278100
Producer,4092,104273200
Consumer,8701,2100
Consumer,79664,200
Producer,58258,104568400
Producer,3292,104564300
Consumer,22256,300
Producer,93879,104530900
Consumer,23949,300
Producer,13290,104517800
Consumer,5285,300
Consumer,23207,300
Consumer,98844,100
Producer,51260,104626000
Producer,62272,104613900
Consumer,69320,100
Producer,53573,104628300
Consumer,54344,400
Producer,214,104605400
Producer,19042,104583300
Consumer,77353,200
Producer,36551,104542700
Producer,60080,104520700
Producer,42089,104496600
Consumer,30265,2400
Consumer,64774,300
Producer,86467,104678400
Consumer,23757,200
Consumer,8893,2700
Producer,56633,104731100
Consumer,55753,400
Consumer,62812,200
Producer,80551,104759800
Consumer,6150,100
Consumer,26328,200
Consumer,76806,200
Producer,80618,104811200
Producer,4840,104788700
Producer,16354,104780700
Consumer,89030,300
Producer,92313,104754900
Consumer,19570,600
Consumer,23584,300
Producer,82054,105224500
Consumer,56087,300
Consumer,82066,200
Producer,68501,105264300
Producer,58177,105267100
Consumer,88763,300
Producer,24392,105262200
Producer,63619,105247100
Consumer,75769,400
Producer,39630,105617300
Consumer,38009,400
Producer,60745,105614100
Consumer,26438,300
Consumer,70880,200
Producer,87159,105698400
Consumer,5984,300
Consumer,18527,200
Consumer,12937,300
Producer,78991,106140900
Producer,496,106123400
Consumer,23870,400
Consumer,11811,300
Consumer,52686,200
Producer,41757,106231400
Consumer,19941,200
Consumer,28416,200
Producer,72271,106282200
Producer,9607,106254600
Consumer,12857,1700
Consumer,77635,200
Producer,72766,106608900
Consumer,20831,200
Consumer,65029,300
Producer,82346,106689300
Consumer,56613,2800
Producer,27008,106659300
Consumer,46112,300
Producer,65614,106762600
Consumer,87621,200
Producer,92032,106756900
Producer,25289,106736100
Producer,7265,106734400
Consumer,16711,200
Consumer,98889,300
Producer,60612,106795100
Producer,2399,106787100
Consumer,10803,300
Consumer,79002,200
Producer,98718,107088600
Consumer,14619,100
Consumer,57226,400
Consumer,73526,200
Producer,91623,107186000
Producer,87661,107158200
Consumer,72164,300
Consumer,69225,300
Producer,40712,107223200
Producer,69446,107211300
Consumer,20915,200
Consumer,14826,800
Consumer,22100,200
Producer,95310,107682100
Consumer,32702,200
Consumer,89662,300
Producer,90560,107848200
Consumer,49395,300
Producer,12967,107836700
Producer,35552,107811300
Consumer,9526,300
Consumer,19629,400
Producer,57313,107924600
Consumer,4418,400
Consumer,10596,400
Consumer,69113,300
Producer,94021,108063500
Consumer,72544,300
Producer,26440,108061000
Producer,26627,108047100
Consumer,28538,300
Consumer,53430,200
Producer,86523,108464300
Consumer,73435,300
Producer,29120,108458900
Producer,30262,108460300
Consumer,96511,400
Producer,91822,108500200
Consumer,79451,200
Consumer,35172,400
Producer,43474,108527700
Consumer,2568,300
Consumer,84837,70800
Producer,66275,108577700
Producer,34418,108474100
Producer,20842,108407000
Producer,3154,108372200
Producer,47032,108373700
Producer,22606,108358800
Consumer,57691,200
Producer,61061,108577100
Consumer,29388,200
Consumer,77369,2200
Producer,91260,108667500
Consumer,93768,200
Producer,88032,108630100
Consumer,63929,100
Producer,47868,108652400
Consumer,59684,200
Producer,65145,108628200
Consumer,74022,200
Producer,11428,108591000
Consumer,99512,300
Producer,15812,108589900
Producer,1631,108543800
Producer,27870,108550000
Consumer,22168,300
Producer,84164,108250100
Producer,79468,108187000
Consumer,17665,300
Consumer,40649,100
Consumer,13962,200
Producer,76511,108277700
Consumer,37047,300
Consumer,56725,100
Producer,48271,108254600
Consumer,27326,200
Consumer,22541,200
Consumer,46953,200
Producer,99546,108877900
Consumer,87704,200
Producer,79707,108914100
Producer,1205,108924200
Consumer,50293,300
Producer,83833,108903600
Consumer,6889,300
Consumer,90934,200
Producer,45258,108927200
Producer,47437,108867300
Consumer,45525,200
Producer,11802,108864600
Producer,47106,108752400
Producer,9104,108692600
Consumer,63227,300
Producer,37989,109182500
Producer,2817,109182700
Consumer,3092,300
Consumer,72855,300
Producer,31958,109181500
Consumer,61226,500
Producer,70865,109068700
Consumer,75268,300
Producer,24956,109056800
Producer,26555,109054900
Consumer,50637,300
Producer,46630,108954600
Consumer,73210,300
Producer,92219,108907800
Consumer,68641,200
Producer,79245,108918600
Consumer,35027,500
Producer,82169,108952600
Consumer,10215,300
Consumer,84924,200
Producer,73785,109254300
Consumer,42306,200
Consumer,14781,200
Producer,85432,109269400
Consumer,47401,300
Producer,11660,109277200
Consumer,78477,200
Producer,48754,109293300
Consumer,58554,300
Producer,73985,109285100
Consumer,97086,300
Producer,91586,109412200
Producer,19196,109339600
Consumer,76169,200
Producer,91858,109430300
Consumer,33789,200
Consumer,95305,200
Producer,98312,109369400
Producer,27367,109331100
Producer,7007,109311500
Consumer,87251,200
Producer,9173,109254500
Producer,78293,109233600
Consumer,31307,200
Consumer,11585,200
Consumer,37720,300
Producer,65779,109323900
Consumer,49442,300
Producer,48890,109475200
Consumer,92048,300
Producer,89695,109436700
Producer,16878,109329000
Consumer,75322,400
Producer,599,109296600
Consumer,36671,300
Producer,42625,109250400
Consumer,91598,200
Producer,97835,109252300
Producer,12880,109156200
Producer,7022,109060900
Consumer,10526,400
Consumer,16278,200
Producer,87191,109304800
Consumer,74881,200
Consumer,4937,200
Consumer,8199,500
Producer,85156,109438300
Consumer,79003,300
Producer,13132,109237600
Producer,51635,109135900
Consumer,31641,300
Producer,33199,109122600
Producer,1300,109128600
Consumer,97500,200
Producer,1533,109072900
Producer,23723,108960500
Consumer,90935,200
Producer,86849,108920700
Producer,71079,108881300
Consumer,32130,300
Producer,2240,108834500
Consumer,1149,300
Consumer,48005,500
Producer,56883,109197700
Consumer,99192,300
Producer,79883,109161600
Producer,28219,109131500
Consumer,80381,200
Producer,95441,108943100
Consumer,11832,200
Consumer,46242,200
Consumer,53592,300
Producer,85016,109150400
Consumer,67636,300
Producer,53229,109051000
Producer,47946,109001000
Consumer,14373,200
Producer,18469,108914100
Consumer,79253,100
Producer,29988,108952600
Producer,40427,108726000
Producer,353,108691800
Consumer,78116,200
Producer,52456,108652200
Consumer,78034,300
Producer,49599,108712900
Consumer,54766,300
Consumer,68818,200
Producer,78433,108953900
Producer,54406,108933200
Consumer,83296,300
Producer,75287,108912000
Consumer,2373,200
Consumer,25312,200
Producer,83975,108909500
Consumer,64984,300
Producer,18011,108927500
Consumer,69962,200
Producer,98493,108809500
Consumer,395,200
Consumer,91320,200
Producer,95314,108844500
Consumer,52909,300
Producer,26106,108595900
Producer,53698,108557400
Consumer,70482,3200
Producer,7576,108540800
Consumer,56104,5600
Producer,67111,108541800
Consumer,24128,200
Producer,7933,108435400
Producer,44182,108352800
Consumer,35793,200
Consumer,78863,300
Producer,79273,108613900
Consumer,92856,300
Producer,30458,108526200
Producer,37307,108449400
Consumer,32138,100
Producer,47962,108442300
Consumer,15387,400
Producer,81635,108384600
Consumer,33741,300
Producer,6868,108227500
Consumer,87723,300
Producer,43034,108235000
Producer,56270,108197700
Producer,3907,108189900
Consumer,70708,300
Producer,34103,108313500
Consumer,3391,200
Consumer,8945,300
Consumer,529,200
Consumer,28998,400
Consumer,61982,200
Producer,85383,108635300
Producer,65489,108520000
Consumer,35210,200
Consumer,11930,200
Consumer,37342,200
Producer,78206,108497800
Consumer,89778,100
Producer,18479,108375600
Producer,67630,108385100
Consumer,23575,200
Consumer,47063,400
Consumer,12171,200
Producer,94696,108408900
Consumer,40756,200
Consumer,86101,200
Producer,44866,108385500
Producer,37188,108191400
Producer,40543,108107400
Consumer,46534,400
Producer,20442,108231700
Consumer,57261,200
Producer,67075,108155800
Consumer,87924,200
Producer,28429,108104800
Producer,26218,108102400
Consumer,52749,200
Producer,70534,108037000
Consumer,34895,200
Producer,61502,107975700
Consumer,69776,300
Producer,65844,107951000
Producer,259,107847300
Consumer,21024,200
Consumer,64648,400
Consumer,28257,500
Consumer,57563,300
Producer,91300,108174800
Consumer,93723,200
Producer,729,108200700
Producer,25552,108147100
Producer,62005,108096400
Producer,78750,107930700
Consumer,59950,134600
Producer,60637,107901100
Consumer,54353,283500
Consumer,60145,313800
Producer,19034,107757700
Consumer,50389,3500
Consumer,17337,359200
Producer,91376,107825700
Consumer,80027,257900
Consumer,8910,248000
Producer,43000,107548500
Consumer,17889,228500
Producer,31251,107555300
Producer,83180,107304300
Consumer,92396,318100
Producer,37874,107003100
Consumer,99298,260400
Producer,57481,106263600
Producer,83141,106324400
Consumer,83401,707100
Producer,89995,106293000
Consumer,18343,449600
Consumer,98086,887500
Producer,12364,106432100
Consumer,17453,533000
Consumer,6963,510100
Producer,29707,106338400
Producer,83081,106391000
Consumer,77095,724200
Producer,62791,106297300
Consumer,16501,495000
Consumer,97163,641300
Producer,55496,106082100
Producer,18754,105985100
Consumer,73225,943800
Producer,82504,105894600
Consumer,82017,706500
Producer,63122,105758300
Producer,37976,105659500
Producer,16090,105637700
Producer,60156,105330300
Consumer,4663,800
Consumer,46500,400
Producer,43292,105688500
Consumer,25276,200
Producer,7352,105703800
Producer,1052,105645100
Consumer,7270,300
Consumer,2352,300
Consumer,92805,300
Producer,86423,105685300
Producer,42947,105585600
Consumer,50081,200
Producer,33590,105978000
Consumer,65796,200
Producer,80003,105793200
Consumer,9749,300
Consumer,35057,200
Consumer,68266,200
Producer,90945,105784100
Consumer,28699,300
Producer,45095,105704900
Consumer,71457,200
Producer,21447,105552500
Producer,19082,105540500
Consumer,82825,300
Producer,57417,105534600
Consumer,86117,88400
Producer,96831,105537300
Consumer,61963,300
Producer,51475,105499500
Consumer,91004,300
Producer,84462,105417600
Producer,39901,105425000
Producer,43101,105361300
Consumer,11473,200
Consumer,36986,300
Consumer,50498,300
Producer,83466,105420500
Producer,11176,105352400
Consumer,26198,300
Consumer,47699,200
Consumer,61634,300
Producer,93490,105669000
Consumer,70780,2200
Producer,18042,105580300
Producer,6277,105579200
Producer,31799,105486700
Consumer,5912,200
Producer,38838,105436600
Consumer,68858,300
Producer,87761,105439100
Consumer,31385,200
Consumer,76961,300
Producer,46141,105411000
Consumer,15398,300
Producer,9681,105369400
Consumer,31657,200
Producer,34853,105286300
Producer,40823,105165800
Consumer,32735,300
Producer,51969,105016200
Consumer,51991,300
Producer,37899,105228100
Producer,16752,105182000
Consumer,72322,300
Producer,78328,105143900
Consumer,81049,200
Producer,60600,105014000
Consumer,83707,200
Producer,84756,104904300
Consumer,49659,300
Producer,67724,104893800
Consumer,68946,300
Producer,64117,104805700
Consumer,28532,200
Producer,7537,104720400
Consumer,32014,300
Consumer,80854,3200
Producer,89393,104949300
Consumer,87217,200
Producer,31600,104964100
Producer,57464,104836400
Consumer,30584,200
Consumer,93034,300
Producer,89465,104825500
Consumer,77950,300
Producer,36945,104826400
Producer,41215,104748600
Consumer,3000,400
Producer,65586,104577700
Producer,3668,104459400
Consumer,42566,300
Consumer,21603,600
Producer,71716,104443700
Consumer,4897,200
Consumer,83292,200
Producer,32556,104339200
Producer,21321,104254800
Consumer,71196,200
Consumer,75829,200
Producer,86446,104259500
Consumer,67396,200
Producer,38929,104221600
Consumer,45989,400
Producer,38335,104144400
Producer,12551,104065800
Producer,47715,103963600
Producer,80903,103891000
Consumer,99571,300
Producer,6260,104448900
Consumer,23365,200
Producer,64254,104392900
Producer,52229,104300500
Consumer,17529,300
Consumer,95584,300
Producer,51850,104202100
Consumer,12725,200
Producer,67109,104189200
Consumer,61040,200
Producer,1503,104088300
Producer,29177,104051600
Consumer,40219,300
Producer,57028,103518300
Consumer,70201,200
Producer,85563,103514100
Producer,2301,103512100
Producer,1389,103488500
Consumer,8818,400
Consumer,67261,300
Producer,66581,103429100
Consumer,55138,200
Producer,62840,103388500
Consumer,35438,300
Consumer,41341,200
Producer,82838,103903600
Consumer,83236,300
Producer,13000,103915000
Consumer,66959,2500
Producer,2168,103916800
Consumer,38696,200
Producer,24306,103897900
Producer,44564,103826300
Producer,119,103707000
Consumer,1061,300
Producer,45358,103613100
Producer,17524,103321800
Consumer,23905,300
Producer,52423,103599600
Consumer,49326,200
Consumer,94076,200
Producer,92922,103575400
Consumer,12968,200
Consumer,52325,200
Producer,70783,103589900
Consumer,53445,200
Producer,66630,103521500
Producer,6640,103382000
Consumer,2330,400
Consumer,93086,300
Producer,59530,103342500
Consumer,12317,400
Producer,64137,103324100
Consumer,90918,2100
Producer,77434,103228800
Producer,16674,102976000
Producer,2168,102924100
Consumer,23012,300
Consumer,82795,200
Producer,45412,102611200
Producer,64336,102451400
Consumer,3350,300
Consumer,52247,400
Consumer,6646,300
Consumer,54156,200
Producer,85239,102800900
Consumer,98890,200
Producer,94288,103149200
Consumer,87380,200
Producer,81090,103116900
Consumer,63612,300
Producer,74893,103069400
Consumer,58767,200
Producer,62754,103016900
Producer,3720,102915300
Producer,35558,102796600
Consumer,54890,100
Producer,20825,102704500
Consumer,92730,300
Producer,38135,102626200
Producer,81351,102585000
Consumer,93405,100
Producer,81612,102754700
Consumer,74774,300
Producer,85246,102732300
Consumer,28600,200
Consumer,20302,200
Consumer,23029,1600
Consumer,91953,300
Producer,90553,102981400
Producer,7469,102944900
Consumer,29568,200
Producer,62675,102844000
Consumer,48864,300
Producer,65105,102759500
Consumer,6505,300
Consumer,63122,200
Producer,38577,102923000
Consumer,54452,300
Producer,78589,102905600
Consumer,34564,300
Consumer,18813,100
Producer,75252,102862000
Consumer,41668,300
Producer,25050,102820100
Consumer,15201,100
Consumer,88919,300
Producer,88076,102942000
Consumer,37084,300
Consumer,19595,300
Consumer,56199,300
Producer,86480,102993500
Consumer,15850,200
Producer,19125,102923200
Consumer,39431,300
Producer,84415,102869400
Consumer,78254,100
Producer,98317,102809500
Consumer,70088,300
Consumer,76196,300
Producer,88019,102927500
Producer,44928,102733900
Consumer,67539,200
Producer,32493,102676300
Consumer,64800,200
Producer,56888,102560400
Consumer,64337,200
Producer,89656,102554800
Producer,14011,102389700
Consumer,38129,300
Consumer,92988,300
Consumer,11404,100
Producer,68956,102430100
Producer,78386,102414400
Consumer,962,200
Consumer,14927,200
Consumer,99251,100
Producer,73457,102433000
Consumer,21422,300
Producer,73847,101537500
Consumer,30394,300
Consumer,87763,100
Producer,96072,101459900
Consumer,41396,100
Producer,19260,101403600
Consumer,56912,300
Producer,73058,101295200
Consumer,67124,200
Producer,43777,101662900
Producer,47251,101660600
Consumer,60494,200
Producer,31761,101566600
Consumer,73771,300
Producer,67330,101512000
Consumer,75342,300
Producer,498,101275400
Consumer,9535,300
Producer,22519,101045900
Producer,63640,100965400
Consumer,95862,200
Producer,97152,101155300
Consumer,42266,200
Producer,50448,101210600
Consumer,79759,300
Producer,15655,101117000
Producer,47060,101076800
Consumer,89269,300
Producer,26418,101031000
Producer,77129,100968000
Consumer,38090,200
Producer,60021,100918000
Producer,10113,100827100
Consumer,22238,300
Consumer,66402,200
Producer,62241,101156000
Consumer,46483,300
Consumer,35548,100
Producer,55426,101127900
Consumer,45788,3100
Producer,90532,101156700
Consumer,76405,300
Producer,87419,101075800
Consumer,66517,200
Producer,21298,100978600
Consumer,38985,200
Producer,32074,100841900
Producer,17727,100720700
Producer,2467,100686100
Consumer,2782,200
Consumer,84204,300
Producer,79358,100524500
Consumer,80796,200
Producer,81714,100420800
Consumer,65753,200
Consumer,18863,300
Producer,36599,100378700
Producer,43666,100236400
Consumer,84190,300
Producer,69249,100410700
Consumer,30174,400
Producer,61344,100394000
Consumer,88523,300
Producer,47569,100317400
Producer,58527,100278900
Consumer,10698,200
Consumer,69336,200
Consumer,12489,300
Producer,98876,100394400
Producer,2463,100307700
Consumer,28195,200
Consumer,93750,300
Producer,49974,100514500
Producer,45966,100370500
Consumer,30735,200
Consumer,4989,300
Consumer,87731,400
Producer,45381,100368400
Consumer,71141,29500
Producer,99860,100344600
Consumer,45412,600
Producer,79404,100256900
Consumer,29183,400
Consumer,94038,52500
Producer,35384,100205000
Consumer,63496,200
Producer,44105,100060400
Producer,78736,99982600
Consumer,61221,200
Producer,99428,99960300
Consumer,35620,300
Consumer,93502,300
Producer,3046,99908900
Producer,31772,99758000
Producer,47721,99619700
Producer,25511,99504800
Consumer,49110,200
Producer,91158,99602300
Consumer,32324,100
Producer,22142,99636600
Consumer,39767,300
Consumer,62872,300
Producer,74381,99497900
Consumer,71426,400
Producer,54361,99365000
Producer,63164,99285400
Consumer,6455,300
Consumer,44241,300
Consumer,44054,300
Producer,89347,99378300
Consumer,36492,300
Consumer,16088,200
Producer,51897,99703300
Consumer,68645,200
Consumer,57629,200
Producer,95430,99644400
Consumer,66930,200
Producer,49949,99648300
Producer,9240,99636300
Consumer,79599,300
Producer,60893,99348300
Producer,53023,99204000
Consumer,43777,200
Producer,15945,99109400
Consumer,27856,300
Producer,62297,99109500
Consumer,927,200
Consumer,75678,200
Producer,68739,99259400
Consumer,21498,200
Consumer,52136,200
Producer,87183,99726500
Producer,1604,99123900
Consumer,24843,300
Consumer,14458,2600
Producer,32958,99099000
Consumer,64313,200
Producer,50171,99033600
Consumer,11111,200
Consumer,6264,200
Consumer,92245,200
Producer,89487,99018600
Consumer,18659,300
Consumer,32879,200
Producer,79239,98998600
Consumer,50670,200
Producer,49782,98956200
Consumer,83218,100
Producer,57702,98425700
Consumer,8771,300
Producer,45884,98238800
Consumer,30376,200
Consumer,39367,200
Consumer,91097,300
Producer,92948,98314800
Consumer,49073,200
Producer,98361,98325600
Producer,18045,98165100
Consumer,89658,300
Producer,22895,98159200
Consumer,18916,300
Producer,40137,98137500
Consumer,56529,200
Producer,4693,98137800
Producer,81653,98137300
Producer,5752,98148800
Consumer,62178,2500
Consumer,98636,200
Producer,92113,98743100
Consumer,3039,300
Producer,30535,98763200
Consumer,91847,300
Producer,6478,98766300
Producer,37492,98674100
Consumer,6860,300
Producer,44275,98605100
Consumer,70764,300
Producer,44238,98567100
Producer,14184,98421500
Producer,56539,98429400
Consumer,16797,400
Producer,32614,98385400
Consumer,93808,300
Producer,30683,98424000
Producer,17320,98409200
Producer,6963,98380300
Consumer,65792,300
Producer,52585,98568300
Consumer,36240,300
Producer,82113,98486300
Consumer,59840,300
Consumer,67109,300
Producer,79289,98533900
Consumer,16370,200
Producer,408,98459400
Producer,68802,98106300
Consumer,44463,300
Consumer,90600,200
Producer,68066,98027500
Consumer,76674,19700
Consumer,9585,200
Producer,35520,97977500
Producer,41585,97925800
Consumer,45837,300
Producer,9621,97844700
Producer,17027,97687300
Producer,73820,97569600
Consumer,36545,200
Consumer,35135,300
Producer,90244,97457000
Consumer,98414,300
Consumer,11733,400
Producer,99347,97446400
Consumer,16937,300
Consumer,23388,200
Producer,55056,97614900
Consumer,21609,300
Consumer,75455,300
Consumer,24024,200
Producer,44671,97619800
Consumer,36783,300
Producer,21723,97598400
Producer,92603,97548700
Consumer,61919,200
Producer,37351,97802400
Consumer,33690,300
Producer,48102,97751600
Consumer,46188,300
Consumer,47200,400
Producer,65448,97717700
Producer,40383,97649700
Consumer,57760,300
Consumer,38853,200
Producer,77563,97551300
Consumer,32302,200
Producer,22785,97620000
Consumer,72214,300
Producer,46162,97830200
Consumer,57334,200
Producer,35322,97666000
Producer,26645,97552600
Producer,45096,97519300
Consumer,35014,200
Producer,26203,97456500
Consumer,90375,300
Producer,54957,97377600
Consumer,46486,200
Producer,78113,97410400
Consumer,20456,300
Consumer,87311,300
Producer,31197,97326200
Producer,48814,97243200
Consumer,85569,300
Producer,46042,97108400
Consumer,97697,200
Producer,79841,96945500
Producer,23505,96838800
Consumer,98957,200
Producer,12243,96542500
Consumer,23863,200
Producer,70422,96537400
Producer,13823,96479900
Producer,34475,96468000
Consumer,52741,100
Producer,62307,96384200
Producer,63551,96262000
Consumer,39571,200
Consumer,59741,9400
Producer,64843,96419600
Producer,15216,96340700
Consumer,51963,200
Consumer,7917,300
Consumer,66899,300
Producer,77137,96725400
Producer,40421,96300300
Consumer,56040,4100
Consumer,26089,200
Producer,36564,96421800
Producer,14232,96351600
Consumer,21309,300
Producer,31963,96342400
Producer,20484,96293800
Consumer,82126,200
Producer,89300,96306600
Consumer,35330,300
Consumer,854,200
Consumer,47454,100
Producer,92457,96337000
Consumer,54184,300
Consumer,83381,300
Producer,74100,96643700
Producer,33095,96544300
Consumer,10678,300
Consumer,73663,100
Producer,67546,96526800
Consumer,30026,300
Producer,64735,96523000
Consumer,43117,200
Producer,8695,96504900
Producer,8073,96408900
Consumer,79820,200
Producer,57341,96328700
Consumer,59921,200
Producer,45075,96272400
Consumer,73920,200
Producer,94346,96180700
Producer,52156,96165700
Consumer,14194,300
Consumer,81303,200
Producer,63630,96266300
Consumer,65246,200
Producer,83195,96168100
Consumer,35575,300
Consumer,34660,200
Producer,74330,96117200
Consumer,31373,200
Consumer,976,200
Consumer,31829,200
Producer,61460,96084900
Producer,26009,95896700
Consumer,69580,200
Consumer,27308,200
Producer,93318,95902500
Consumer,98416,200
Producer,24013,95976500
Producer,22474,95857500
Consumer,89963,200
Producer,97588,95882900
Consumer,83148,300
Producer,92633,96249700
Consumer,10695,200
Consumer,72507,200
Producer,77875,96235800
Producer,9712,96188100
Consumer,98131,300
Producer,96180,96166200
Consumer,50632,200
Producer,86502,96094500
Consumer,65762,300
Producer,10652,96015400
Consumer,94538,300
Producer,96807,96022800
Consumer,49867,200
Producer,99618,95988300
Consumer,74382,200
Producer,60210,95993400
Consumer,42905,200
Consumer,96387,300
Producer,86242,95989600
Consumer,14249,100
Producer,59679,95694300
Consumer,4165,200
Consumer,31223,100
Consumer,16376,200
Consumer,11086,300
Consumer,26276,200
Producer,97732,95683300
Consumer,90736,200
Producer,62976,95483700
Consumer,62554,200
Producer,55312,95506200
Consumer,21349,200
Producer,65322,95450600
Consumer,78115,300
Producer,32353,95417500
Consumer,94852,300
Producer,98912,95575200
Producer,7840,196164200
Producer,33311,846764300
Producer,2378,2040439300
Producer,4224,4318434000
Producer,2780,4966954800
